{
  "project_info": {
    "project_number": "984687610923",
    "project_id": "menu-54c32",
    "storage_bucket": "menu-54c32.appspot.com"
  },
  "client": [
    {
      "client_info": {
        "mobilesdk_app_id": "1:984687610923:android:48f08d03e34b71dbd22e6e",
        "android_client_info": {
          "package_name": "com.example.myapplication"
        }
      },
      "oauth_client": [],
      "api_key": [
        {
          "current_key": "AIzaSyDP4oDXSSR3ju8rOEeyrYpj47F_Nt-yJuM"
        }
      ],
      "services": {
        "appinvite_service": {
          "other_platform_oauth_client": []
        }
      }
    }
  ],
  "configuration_version": "1"
}